{
        "case_id": "case_119",
        "channel": "0000",
        "channel_name": "CT",
        "label": 1,
        "label_name": "liver",
        "image_path": "data/images/case_119_0000.nii.gz",
        "mask_path": "data/masks_pred_baseline/case_119.nii.gz",
        "features": {
            "original_shape_Elongation": 0.8574867836361247,
            "original_shape_Flatness": 0.5533652588382916,
            "original_shape_LeastAxisLength": 130.93668897562742,
            "original_shape_MajorAxisLength": 236.61891830815253,
            "original_shape_Maximum2DDiameterColumn": 531.2528860215726,
            "original_shape_Maximum2DDiameterRow": 464.5692403738785,
            "original_shape_Maximum2DDiameterSlice": 262.21626965219474,
            "original_shape_Maximum3DDiameter": 545.2939072761587,
            "original_shape_MeshVolume": 2674232.6940307617,
            "original_shape_MinorAxisLength": 202.89759520751667,
            "original_shape_Sphericity": 0.623125638689222,
            "original_shape_SurfaceArea": 149522.9877089575,
            "original_shape_SurfaceVolumeRatio": 0.055912482127195746,
            "original_shape_VoxelVolume": 2674645.470703125,
            "original_firstorder_10Percentile": 45.0,
            "original_firstorder_90Percentile": 103.0,
            "original_firstorder_Energy": 15075850691.0,
            "original_firstorder_Entropy": 2.0143876842068424,
            "original_firstorder_InterquartileRange": 29.0,
            "original_firstorder_Kurtosis": 4.075345231147172,
            "original_firstorder_Maximum": 339.0,
            "original_firstorder_MeanAbsoluteDeviation": 18.27847156236979,
            "original_firstorder_Mean": 73.89847092530219,
            "original_firstorder_Median": 73.0,
            "original_firstorder_Minimum": -144.0,
            "original_firstorder_Range": 483.0,
            "original_firstorder_RobustMeanAbsoluteDeviation": 12.532485234491244,
            "original_firstorder_RootMeanSquared": 77.58311582391333,
            "original_firstorder_Skewness": 0.2630623835140521,
            "original_firstorder_TotalEnergy": 16099065166.609863,
            "original_firstorder_Uniformity": 0.29761101877412877,
            "original_firstorder_Variance": 558.1558558490161,
            "original_glcm_Autocorrelation": 90.32778098518399,
            "original_glcm_ClusterProminence": 28.39052444053711,
            "original_glcm_ClusterShade": 1.5738780028341341,
            "original_glcm_ClusterTendency": 2.5175678872130396,
            "original_glcm_Contrast": 1.34407778950778,
            "original_glcm_Correlation": 0.3038274132565947,
            "original_glcm_DifferenceAverage": 0.8516714492723787,
            "original_glcm_DifferenceEntropy": 1.60685589602895,
            "original_glcm_DifferenceVariance": 0.6130919718971678,
            "original_glcm_Id": 0.646485322323718,
            "original_glcm_Idm": 0.6227436687648411,
            "original_glcm_Idmn": 0.9966765029534025,
            "original_glcm_Idn": 0.9604861857204205,
            "original_glcm_Imc1": -0.04331128157368923,
            "original_glcm_Imc2": 0.37873413347327656,
            "original_glcm_InverseVariance": 0.5082396643663776,
            "original_glcm_JointAverage": 9.488645893218887,
            "original_glcm_JointEnergy": 0.09569554659443089,
            "original_glcm_JointEntropy": 3.9250428749976747,
            "original_glcm_MCC": 0.44668345034924456,
            "original_glcm_MaximumProbability": 0.16897202152429813,
            "original_glcm_SumAverage": 18.977291786437775,
            "original_glcm_SumEntropy": 2.6774808936979317,
            "original_glcm_SumSquares": 0.9654114191802046,
            "original_glrlm_GrayLevelNonUniformity": 430393.8745159137,
            "original_glrlm_GrayLevelNonUniformityNormalized": 0.2642172308965539,
            "original_glrlm_GrayLevelVariance": 1.1779018989014778,
            "original_glrlm_HighGrayLevelRunEmphasis": 91.07001969875668,
            "original_glrlm_LongRunEmphasis": 3.347007922635043,
            "original_glrlm_LongRunHighGrayLevelEmphasis": 302.06467969635565,
            "original_glrlm_LongRunLowGrayLevelEmphasis": 0.03833124069938342,
            "original_glrlm_LowGrayLevelRunEmphasis": 0.011592945785106204,
            "original_glrlm_RunEntropy": 3.5359803099465763,
            "original_glrlm_RunLengthNonUniformity": 814396.14213275,
            "original_glrlm_RunLengthNonUniformityNormalized": 0.49820883318981696,
            "original_glrlm_RunPercentage": 0.6504540658435091,
            "original_glrlm_RunVariance": 0.9667808068063122,
            "original_glrlm_ShortRunEmphasis": 0.7311842973234657,
            "original_glrlm_ShortRunHighGrayLevelEmphasis": 66.72683689318254,
            "original_glrlm_ShortRunLowGrayLevelEmphasis": 0.008531657359092983,
            "original_glszm_GrayLevelNonUniformity": 15495.81094478041,
            "original_glszm_GrayLevelNonUniformityNormalized": 0.2194594307351812,
            "original_glszm_GrayLevelVariance": 4.623096695312691,
            "original_glszm_HighGrayLevelZoneEmphasis": 93.22219547083233,
            "original_glszm_LargeAreaEmphasis": 24897479.243920747,
            "original_glszm_LargeAreaHighGrayLevelEmphasis": 2223343426.5277514,
            "original_glszm_LargeAreaLowGrayLevelEmphasis": 283161.4051399353,
            "original_glszm_LowGrayLevelZoneEmphasis": 0.013375242603292132,
            "original_glszm_SizeZoneNonUniformity": 24575.286564035745,
            "original_glszm_SizeZoneNonUniformityNormalized": 0.34804750901493786,
            "original_glszm_SmallAreaEmphasis": 0.6115426666748411,
            "original_glszm_SmallAreaHighGrayLevelEmphasis": 56.66033031997811,
            "original_glszm_SmallAreaLowGrayLevelEmphasis": 0.008385361141955493,
            "original_glszm_ZoneEntropy": 4.756234400036704,
            "original_glszm_ZonePercentage": 0.028191141923109477,
            "original_glszm_ZoneVariance": 24896220.971539404,
            "original_gldm_DependenceEntropy": 5.73164623307467,
            "original_gldm_DependenceNonUniformity": 164242.1439417532,
            "original_gldm_DependenceNonUniformityNormalized": 0.06557483592201759,
            "original_gldm_DependenceVariance": 17.663779333233823,
            "original_gldm_GrayLevelNonUniformity": 745412.0333946592,
            "original_gldm_GrayLevelVariance": 0.9765029464517936,
            "original_gldm_HighGrayLevelEmphasis": 90.77198429163013,
            "original_gldm_LargeDependenceEmphasis": 119.43544332705702,
            "original_gldm_LargeDependenceHighGrayLevelEmphasis": 10726.703694565153,
            "original_gldm_LargeDependenceLowGrayLevelEmphasis": 1.3588756099248451,
            "original_gldm_LowGrayLevelEmphasis": 0.011520068222759588,
            "original_gldm_SmallDependenceEmphasis": 0.03792904606953365,
            "original_gldm_SmallDependenceHighGrayLevelEmphasis": 3.4898961686833068,
            "original_gldm_SmallDependenceLowGrayLevelEmphasis": 0.0004844474492479,
            "original_ngtdm_Busyness": 1223.2666371806547,
            "original_ngtdm_Coarseness": 2.733034368058982e-06,
            "original_ngtdm_Complexity": 112.24297355974998,
            "original_ngtdm_Contrast": 0.0036025870458113968,
            "original_ngtdm_Strength": 0.0007769352040135301
        },
        "diagnostics": {
            "diagnostics_Versions_PyRadiomics": "v3.0.1",
            "diagnostics_Versions_Numpy": "1.26.4",
            "diagnostics_Versions_SimpleITK": "2.3.1",
            "diagnostics_Versions_PyWavelet": "1.5.0",
            "diagnostics_Versions_Python": "3.12.4",
            "diagnostics_Configuration_Settings": {
                "minimumROIDimensions": 2,
                "minimumROISize": null,
                "normalize": false,
                "normalizeScale": 1,